instruction,question,answer
Spell this word backward (example: sun -> nus):,requiz,ziuqer
Spell this word backward (example: sun -> nus):,getup,puteg
Spell this word backward (example: sun -> nus):,palpation,noitaplap
Spell this word backward (example: sun -> nus):,Karamojo,ojomaraK
Spell this word backward (example: sun -> nus):,cicala,alacic
Spell this word backward (example: sun -> nus):,calculous,suoluclac
Spell this word backward (example: sun -> nus):,serigraphy,yhpargires
Spell this word backward (example: sun -> nus):,antiae,eaitna
Spell this word backward (example: sun -> nus):,gametogony,ynogotemag
Spell this word backward (example: sun -> nus):,convener,renevnoc
Spell this word backward (example: sun -> nus):,idealess,sselaedi
Spell this word backward (example: sun -> nus):,unstout,tuotsnu
Spell this word backward (example: sun -> nus):,auroral,larorua
Spell this word backward (example: sun -> nus):,Hedera,aredeH
Spell this word backward (example: sun -> nus):,thrawcrook,koorcwarht
Spell this word backward (example: sun -> nus):,kecky,ykcek
Spell this word backward (example: sun -> nus):,roquist,tsiuqor
Spell this word backward (example: sun -> nus):,aglossia,aissolga
Spell this word backward (example: sun -> nus):,selfcide,edicfles
Spell this word backward (example: sun -> nus):,fearlessly,ylsselraef
Spell this word backward (example: sun -> nus):,waterbelly,yllebretaw
Spell this word backward (example: sun -> nus):,trisected,detcesirt
Spell this word backward (example: sun -> nus):,Chachapuya,ayupahcahC
Spell this word backward (example: sun -> nus):,polyphage,egahpylop
Spell this word backward (example: sun -> nus):,belton,notleb
Spell this word backward (example: sun -> nus):,caroba,aborac
Spell this word backward (example: sun -> nus):,archaistic,citsiahcra
Spell this word backward (example: sun -> nus):,Flora,arolF
Spell this word backward (example: sun -> nus):,sprint,tnirps
Spell this word backward (example: sun -> nus):,turbofan,nafobrut
Spell this word backward (example: sun -> nus):,buller,rellub
Spell this word backward (example: sun -> nus):,midwatch,hctawdim
Spell this word backward (example: sun -> nus):,melaconite,etinocalem
Spell this word backward (example: sun -> nus):,unlustily,ylitsulnu
Spell this word backward (example: sun -> nus):,equatable,elbatauqe
Spell this word backward (example: sun -> nus):,emptings,sgnitpme
Spell this word backward (example: sun -> nus):,peltate,etatlep
Spell this word backward (example: sun -> nus):,Carayan,nayaraC
Spell this word backward (example: sun -> nus):,jongleur,ruelgnoj
Spell this word backward (example: sun -> nus):,impoverish,hsirevopmi
